{
  "global_metrics": {
    "accuracy": 0.6439518745943787,
    "macro_f1": 0.33885906388193365,
    "weighted_f1": 0.6935155912365906,
    "macro_precision": 0.323536898088704,
    "macro_recall": 0.4285386125079377,
    "macro_ovr_roc_auc": 0.7628945078818501
  },
  "classification_report": {
    "Normal (N)": {
      "precision": 0.9337198929527207,
      "recall": 0.6468697855509549,
      "f1-score": 0.7642656346975284,
      "support": 16181.0
    },
    "SVEB": {
      "precision": 0.005494505494505495,
      "recall": 0.03431372549019608,
      "f1-score": 0.009472259810554804,
      "support": 204.0
    },
    "VEB": {
      "precision": 0.23215289488476673,
      "recall": 0.5551075268817204,
      "f1-score": 0.3273880301228696,
      "support": 1488.0
    },
    "Fusión (F)": {
      "precision": 0.02,
      "recall": 0.013404825737265416,
      "f1-score": 0.016051364365971106,
      "support": 373.0
    },
    "Desconocido (Q)": {
      "precision": 0.42631719711152716,
      "recall": 0.8929971988795519,
      "f1-score": 0.5771180304127443,
      "support": 1785.0
    },
    "accuracy": 0.6439518745943787,
    "macro avg": {
      "precision": 0.323536898088704,
      "recall": 0.4285386125079377,
      "f1-score": 0.33885906388193365,
      "support": 20031.0
    },
    "weighted avg": {
      "precision": 0.8099207314373451,
      "recall": 0.6439518745943787,
      "f1-score": 0.6935155912365906,
      "support": 20031.0
    }
  },
  "confusion_matrix": [
    [
      10467,
      1206,
      2297,
      194,
      2017
    ],
    [
      118,
      7,
      31,
      36,
      12
    ],
    [
      490,
      44,
      826,
      12,
      116
    ],
    [
      58,
      17,
      293,
      5,
      0
    ],
    [
      77,
      0,
      111,
      3,
      1594
    ]
  ],
  "curves": {
    "roc_auc": {
      "0": 0.8030804446773794,
      "1": 0.5998942321670687,
      "2": 0.7823211081885232,
      "3": 0.703368281255583,
      "4": 0.9258084731206963
    },
    "pr_auc": {
      "0": 0.9337981334924674,
      "1": 0.011852587341938415,
      "2": 0.24740391205284704,
      "3": 0.029206474535455492,
      "4": 0.3865412035697616
    }
  },
  "selected_balance_strategy": "balanced_batch",
  "inference_time": {
    "mean_seconds": 0.09938915999996425,
    "std_seconds": 0.00494301873929041
  }
}