{
  "global_metrics": {
    "accuracy": 0.6343893205817892,
    "macro_f1": 0.34443814201451983,
    "weighted_f1": 0.6842174771298103,
    "macro_precision": 0.32663486773532097,
    "macro_recall": 0.4555586715239503,
    "macro_ovr_roc_auc": 0.6671075215079793
  },
  "classification_report": {
    "Normal (N)": {
      "precision": 0.9481371914578903,
      "recall": 0.6324617661568821,
      "f1-score": 0.7587763104353937,
      "support": 16216.0
    },
    "SVEB": {
      "precision": 0.032520325203252036,
      "recall": 0.0392156862745098,
      "f1-score": 0.035555555555555556,
      "support": 204.0
    },
    "VEB": {
      "precision": 0.24234424498416052,
      "recall": 0.6152815013404825,
      "f1-score": 0.3477272727272727,
      "support": 1492.0
    },
    "Fusión (F)": {
      "precision": 0.06697459584295612,
      "recall": 0.15508021390374332,
      "f1-score": 0.0935483870967742,
      "support": 374.0
    },
    "Desconocido (Q)": {
      "precision": 0.34319798118834594,
      "recall": 0.8357541899441341,
      "f1-score": 0.4865831842576029,
      "support": 1790.0
    },
    "accuracy": 0.6343893205817892,
    "macro avg": {
      "precision": 0.32663486773532097,
      "recall": 0.4555586715239503,
      "f1-score": 0.34443814201451983,
      "support": 20076.0
    },
    "weighted avg": {
      "precision": 0.8160279608343985,
      "recall": 0.6343893205817892,
      "f1-score": 0.6842174771298103,
      "support": 20076.0
    }
  },
  "confusion_matrix": [
    [
      10256,
      165,
      2429,
      643,
      2723
    ],
    [
      31,
      8,
      44,
      89,
      32
    ],
    [
      350,
      42,
      918,
      74,
      108
    ],
    [
      17,
      5,
      294,
      58,
      0
    ],
    [
      163,
      26,
      103,
      2,
      1496
    ]
  ],
  "curves": {
    "roc_auc": {
      "0": 0.7927955198729074,
      "1": 0.3215328099838969,
      "2": 0.7913438684030427,
      "3": 0.5235008308285432,
      "4": 0.9063645784515064
    },
    "pr_auc": {
      "0": 0.9397478395027381,
      "1": 0.009581442386249197,
      "2": 0.2930254511808632,
      "3": 0.02737892749038863,
      "4": 0.48612680147056964
    }
  },
  "inference_time": {
    "mean_seconds": 0.08393608500009578,
    "std_seconds": 0.004913616210699228
  }
}